name;;Signal;
Summary;;Chat, video calls by phone number https://signal.org/;
Android Google Play;yes;https://play.google.com/store/apps/details?id=org.thoughtcrime.securesms https://signal.org/download/;
Android F-droid/apk;partial;apk https://signal.org/android/apk/;avoids f-droid https://community.signalusers.org/t/wiki-signal-android-app-on-f-droid-store-f-droid-status/28581
Apple iOS;yes;https://signal.org/download/;iPad as a secondary device https://support.signal.org/hc/en-us/articles/360007320551-Linked-Devices#link_ipad
Desktop;partial;as secondary device https://signal.org/download/ https://support.signal.org/hc/en-us/articles/360007320551-Linked-Devices#link_desktop https://support.signal.org/hc/en-us/articles/360008216551#install_desktop;
Web;no;;
Languages;yes;100+ https://www.transifex.com/signalapp/signal-android/ https://www.transifex.com/signalapp/signal-desktop/ https://www.transifex.com/signalapp/signal-ios/;
Protocol;;Signal Protocol https://signal.org/docs/;
Protocol open;yes;https://signal.org/docs/;
Server license;partial;AGPL-3.0-only https://github.com/signalapp/Signal-Server/blob/master/LICENSE;missing sources for CDN0 S3/CDN2 GCS and abuse control https://signal.org/blog/keeping-spam-off-signal/
Client license;yes;Android GPL-3.0-only https://github.com/signalapp/Signal-Android/blob/master/LICENSE iOS GPL-3.0-only https://github.com/signalapp/Signal-iOS/blob/master/LICENSE Desktop AGPL-3.0-only https://github.com/signalapp/Signal-Desktop/blob/development/LICENSE;
Register without app;no;;as a workaround, through the unofficial mautrix-signal matrix bridge with a custom HS
Replies;partial;replies https://support.signal.org/hc/en-us/articles/6851465208986-Reply-to-a-specific-message;
Group chat;yes;https://support.signal.org/hc/en-us/articles/360007319331-Group-chats;
Voice calls;yes;https://support.signal.org/hc/en-us/articles/360007060492-Voice-or-Video-Calling;
Video calls;yes;https://support.signal.org/hc/en-us/articles/360007060492-Voice-or-Video-Calling;
Group calls;yes;https://support.signal.org/hc/en-us/articles/360052977792-Group-Calling-Voice-or-Video https://signal.org/blog/how-to-build-encrypted-group-calls/;
Voice messages;yes;;
Screen sharing;yes;https://support.signal.org/hc/en-us/articles/5369688043418-Screen-Sharing-with-Signal-Desktop-Calls;
Message formatting;partial;https://community.signalusers.org/t/font-styling-for-signal-messages-e-g-using-markdown/612;markdown probably later https://community.signalusers.org/t/font-styling-for-signal-messages-e-g-using-markdown/612/278
Emoji reception;partial;FIXME;
Sticker packs;yes;https://support.signal.org/hc/en-us/articles/360031836512-Stickers;
Link preview;yes;;client side by sender, can be disabled in settings https://community.signalusers.org/t/beta-feedback-for-the-upcoming-android-4-69-release/16219/4
Reactions;yes;https://support.signal.org/hc/en-us/articles/360039929972-Message-Reactions;
Multiple devices;partial;Only Desktop as secondary device;
Online account replica;partial;contacts https://support.signal.org/hc/en-us/articles/360007059792-Signal-PIN no messages https://support.signal.org/hc/en-us/articles/360007059752-Backup-and-Restore-Messages;
Multiple accounts;no;;
Application locking;yes;Android's screen lock https://support.signal.org/hc/en-us/articles/360007059572-Screen-Lock;
Remote message removal;partial;within 3 hours https://support.signal.org/hc/en-us/articles/360050426432-Delete-for-everyone;
Remote message correction;partial;within 24 hours https://community.signalusers.org/t/edit-sent-messages/975 https://github.com/signalapp/Signal-Android/blob/main/app/src/main/java/org/thoughtcrime/securesms/util/MessageConstraintsUtil.kt#L56 https://signal.org/blog/new-features-fall-2023/;
Message expiration;yes;https://support.signal.org/hc/en-us/articles/360007320771-Set-and-manage-disappearing-messages;
Presence status;no;https://community.signalusers.org/t/optional-online-last-seen-indicator/4375;
Typing indication;yes;;showing and sending can be switched off together https://support.signal.org/hc/en-us/articles/360020798451-Typing-Indicators
Read receipts;yes;https://support.signal.org/hc/en-us/articles/360007059812-Read-Receipts;
Receipts not mandatory;yes;https://support.signal.org/hc/en-us/articles/360007059812-Read-Receipts;
Themes;yes;https://support.signal.org/hc/en-us/articles/360007320951-Chat-Colors-Wallpaper-and-Themes;light/dark theme with customizable bubble colors
Landing page;yes;https://signal.org/;
Manual;yes;https://support.signal.org/hc/en-us https://signal.org/docs/;
Account deactivation after device compromise;partial;Only for secondary devices;
Account recovery after device compromise;partial;only after phone number is reclaimed https://support.signal.org/hc/en-us/articles/360007062452-What-do-I-do-if-my-phone-is-lost-or-stolen;
Power saving;yes;;Polling without FCM https://reddit.com/r/signal/comments/ium7he/no_notifications_on_degoogled_phone_tried/ https://reddit.com/r/degoogle/comments/m9cxax/what_are_your_thoughts_on_this_degoogled_fork_of/, TODO: research
Bandwidth frugal;partial;unicast groups, auto-download, call bitrate;groups are unicast https://signal.org/blog/signal-private-group-system/ options for auto-download and call bitrate reduction https://support.signal.org/hc/en-us/articles/360056044831-Data-Usage-Options-Wi-Fi-Cellular
Disallow screenshots;partial;only for yourself https://support.signal.org/hc/en-us/articles/360043469312-Screen-Security;
Logo;yes;https://commons.wikimedia.org/wiki/File:Signal-Logo.svg https://github.com/signalapp/Signal-Desktop/blob/87d6a55ce87a3f09e34da1dbc9e69f400ac7e32d/images/signal-logo.svg;
End-to-end encryption;yes;https://support.signal.org/hc/en-us/articles/360007320391-Is-it-private-Can-I-trust-it-;
Deniability;partial;optional https://signal.org/blog/sealed-sender/;is present in OTR but not in Signal if need to authenticate to the server https://www.semanticscholar.org/paper/How-Secure-is-TextSecure-Frosch-Mainka/9054accc1ad18efaf0d575f02f7ea92ca587e17a https://crnkovic.dev/signal-groups-v2-is-a-privacy-downgrade/
Contact list confidential;partial;;the whole contact list in your phone is sent over to a server protected by SGX enclaves https://blog.cryptographyengineering.com/2020/07/10/a-few-thoughts-about-signals-secure-value-recovery/ https://signal.org/blog/private-contact-discovery/ https://github.com/signalapp/ContactDiscoveryService https://community.signalusers.org/t/proper-secure-value-security-pins-are-too-easy-to-brute-force-sgx-is-not-reliable-enough/15096
Metadata protection;partial;sealed sender traffic analysis https://www.ndss-symposium.org/ndss-paper/improving-signals-sealed-sender/ https://arxiv.org/abs/2305.09799 groups v2 downgrade https://crnkovic.dev/signal-groups-v2-is-a-privacy-downgrade/ https://signal.org/blog/signal-private-group-system/;
Perfect forward secrecy;yes;https://www.signal.org/docs/specifications/x3dh/;
Large bug bounty;no;https://support.signal.org/hc/en-us/articles/360007320791-How-can-I-report-a-security-vulnerability;
Reproducible builds;yes;Android https://signal.org/blog/reproducible-android/;
Audits;yes;multiple https://community.signalusers.org/t/overview-of-third-party-security-audits/13243;
Usage without phone number;no;;
No-cost tier;yes;https://signal.org/donate/;
Payment choices;;Google Pay, Apple Pay, cryptocurrency https://signal.org/donate/;
Active development;yes;;
Isolated self-hosting;no;;
User can extend network with node;no;;
Identity not controlled by vendor;no;;
Open documentation;yes;https://signal.miraheze.org/wiki/Main_Page https://community.signalusers.org/c/wiki/38 https://github.com/signalapp/Signal-Android/wiki;
Web forum;yes;https://community.signalusers.org/ https://www.reddit.com/r/signal/;
Contact;yes;;acct:signalapp@mastodon.world mailto:press@signal.org https://support.signal.org/hc/en-us/requests/new unofficial matrix:r/signalfoundation:matrix.org
Syndication;yes;https://signal.org/blog/rss.xml;
Offline;partial;Compose or read stored messages;
Servers required;;Signal, Storage, Contact Discovery, Key backup, ICE, ReCAPTCHA;https://github.com/signalapp/Signal-Server https://github.com/signalapp/storage-service https://github.com/signalapp/ContactDiscoveryService https://github.com/signalapp/SecureValueRecovery https://signal.org/blog/ice-forking/ https://signal.org/blog/signal-video-calls/ https://signal.org/blog/keeping-spam-off-signal/ https://github.com/signalapp/Signal-Android/blob/9d8e9a3a14015cc3fbded43e0cfb89af6614ba50/app/build.gradle#L207 storage must be hosted within GCP, also used by key backup
Servers optional;;Google STUN https://github.com/signalapp/Signal-Android/blob/c4bc2162f23e0fd6bc25941af8fb7454d91a4a35/app/src/main/java/org/thoughtcrime/securesms/service/webrtc/SignalCallManager.java#L854 FCM https://support.signal.org/hc/en-us/articles/360007318711-Troubleshooting-Notifications https://reddit.com/r/signal/comments/ium7he/no_notifications_on_degoogled_phone_tried/ https://reddit.com/r/degoogle/comments/m9cxax/what_are_your_thoughts_on_this_degoogled_fork_of/ giphy proxy https://signal.org/blog/giphy-experiment/ https://github.com/signalapp/Signal-TLS-Proxy;can't disable Google STUN or giphy proxy, but should still work if blocked over the network
Serverless WAN mode;no;;
Serverless LAN mode;no;;
Network store and forward;yes;;
Wireless mode;no;;
IP shielded from peers;partial;not by default;can set to always relay calls, otherwise shares IP with outgoing calls and contacts https://signal.org/blog/signal-video-calls/ https://signal.org/blog/ice-forking/ https://github.com/signalapp/Signal-Android/blob/c4bc2162f23e0fd6bc25941af8fb7454d91a4a35/app/src/main/java/org/thoughtcrime/securesms/service/webrtc/IncomingCallActionProcessor.java#L94
Third party clients;yes;Molly, Langis, Signal-LTS, Whisperfish, Flare;https://molly.im/ https://langis.cloudfrancois.fr/ https://github.com/benarmstead/Signal-LTS https://gitlab.com/whisperfish/whisperfish https://gitlab.com/schmiddi-on-mobile/flare
Vendor operated network inaccessible from countries;;China, Iran, Uzbekistan, Cuba https://ooni.org/post/2021-how-signal-private-messenger-blocked-around-the-world/#findings;
Vendor legal entity kind;;non-profit company;
Vendor jurisdiction;;USA https://signal.org/legal/;
Infrastructure jurisdiction;;USA;
Infrastructure provider;;Amazon https://github.com/signalapp/Signal-Android/blob/4eddeb74c515453698dc3eebaf1ce512e9706e61/libsignal/service/src/main/java/org/whispersystems/signalservice/internal/push/PushServiceSocket.java#L1306 https://reddit.com/r/signal/comments/ue0mx5/are_you_guys_worried_that_signal_is_hosted_on_aws/ GCP (BigTable https://github.com/signalapp/storage-service/blob/db092e636e65d252fb2bd6edab7864f38f9ca1c5/src/main/java/org/signal/storageservice/StorageServiceConfiguration.java ) Fastly https://github.com/signalapp/Signal-Android/blob/f63ed8f2698c05c4bb1465c01e0c79353835f6ac/app/src/main/java/org/thoughtcrime/securesms/push/SignalServiceNetworkAccess.kt#L72;
Good ToSDR grade;yes;B https://tosdr.org/en/service/528;
Domain;yes;https://signal.org/ https://signalusers.org/;
First release;yes;2014-07-29 https://en.wikipedia.org/wiki/Signal_(software);
Public issue tracker;yes;https://github.com/signalapp/Signal-Desktop/issues https://github.com/signalapp/Signal-Android/issues https://github.com/signalapp/Signal-iOS/issues;
No past client vulnerabilities;no;;remote listening https://adware.guru/signal-vulnerability-spying-on-users/ surreptitious sharing https://threatpost.com/surreptitious-sharing-android-api-flaw-leaks-data-private-keys/117174/ geolocation by timing https://restoreprivacy.com/timing-attacks-on-whatsapp-signal-threema-reveal-user-location/ HTML Injection in Quoted Replies https://thehackerblog.com/i-too-like-to-live-dangerously-accidentally-finding-rce-in-signal-desktop-via-html-injection-in-quoted-replies/ HTML redressing https://blodeuweddlabs.com/news/signal-desktop-ui-redressing-issue/
No past server vulnerabilities;partial;https://support.signal.org/hc/en-us/articles/4850133017242-Twilio-Incident-What-Signal-Users-Need-to-Know;
Wikipedia;yes;https://en.wikipedia.org/wiki/Signal_%28messaging_app%29;
Wikidata;yes;https://www.wikidata.org/wiki/Q19718090;
